patch_length_mm,patch_width_mm,feed_offset_mm,substrate_er,substrate_height_mm,f_res_ghz,s11_db,gain_dbi,bandwidth_mhz,vswr
28.5,37.2,4.2,4.4,1.6,2.44, -22.4, 3.85, 82.5, 1.16
29.0,38.0,4.5,4.4,1.6,2.41, -18.2, 3.70, 78.0, 1.28
27.8,36.5,3.9,4.4,1.6,2.50, -25.1, 4.12, 88.0, 1.12
30.2,39.5,5.1,4.4,1.6,2.32, -14.5, 3.45, 72.0, 1.46
28.2,37.0,4.1,4.4,1.6,2.46, -28.9, 4.05, 85.0, 1.07
28.0,36.8,4.0,4.4,1.6,2.48, -26.4, 4.10, 86.5, 1.10
29.5,38.5,4.8,4.4,1.6,2.37, -16.8, 3.60, 75.0, 1.34
27.5,36.0,3.7,4.4,1.6,2.53, -20.1, 4.18, 90.0, 1.22
11.8,15.5,1.8,4.4,1.6,5.78, -24.2, 5.20, 195.0, 1.13
12.0,15.8,1.9,4.4,1.6,5.72, -19.5, 5.05, 188.0, 1.23
11.5,15.2,1.7,4.4,1.6,5.85, -27.8, 5.35, 205.0, 1.09
12.2,16.0,2.0,4.4,1.6,5.65, -15.2, 4.88, 180.0, 1.42
11.6,15.3,1.75,4.4,1.6,5.81, -29.4, 5.30, 202.0, 1.07
2.2,3.1,0.35,3.66,0.5,27.8, -21.5, 6.45, 1200.0, 1.18
2.3,3.2,0.38,3.66,0.5,26.9, -17.8, 6.25, 1150.0, 1.29
2.15,3.05,0.33,3.66,0.5,28.2, -26.1, 6.55, 1250.0, 1.10
2.1,3.0,0.32,3.66,0.5,28.7, -23.4, 6.60, 1280.0, 1.14
